<https://rvk.uni-regensburg.de/regensburger-verbundklassifikation-online#notation/AA%2057300>	Westdeutschland | Deutschland (Westliche Länder) | Deutschland | Mitteleuropa | Europa | Internationale Allgemeinbibliografien, Nationalbibliografien, umfassende Buchhandelskataloge | Bibliografien der Bibliografien, Universalbibliografien, Bibliothekskataloge, Nationalbibliografien | Allgemeines | Hessen	AA 57300
<https://rvk.uni-regensburg.de/regensburger-verbundklassifikation-online#notation/AE%2076146>	Westdeutschland | Deutschland (Westliche Länder) | Deutschland | Mitteleuropa | Europa | Kongresse, Veranstaltungen, Messen | Allgemeine Nachschlagewerke | Enzyklopädien, allgemeine Nachschlagewerke | Allgemeines | Hessen	AE 76146
<https://rvk.uni-regensburg.de/regensburger-verbundklassifikation-online#notation/AL%2050146>	Westdeutschland | Deutschland (Westliche Länder) | Deutschland | Mitteleuropa | Europa | International, Europa insgesamt, Deutschland mit einzelnen Ländern | Hochschulwesen einzelner Länder und einzelne Hochschulen | Hochschul- und Universitätswesen | Allgemeines | Hessen	AL 50146
<https://rvk.uni-regensburg.de/regensburger-verbundklassifikation-online#notation/AN%2018146>	Westdeutschland | Deutschland (Westliche Länder) | Deutschland | Mitteleuropa | Europa | Buchgeschichte in einzelnen Ländern | Geschichte des Buches und Buchwesens | Buchwesen | Buch- und Bibliothekswesen, Informationswissenschaft | Allgemeines | Hessen	AN 18146
<https://rvk.uni-regensburg.de/regensburger-verbundklassifikation-online#notation/AN%2080170>	Darmstadt | Bibliotheken D | Einzelne deutsche Bibliotheken | Bibliothekswesen in einzelnen Ländern und einzelne Bibliotheken | Bibliothekswesen | Buch- und Bibliothekswesen, Informationswissenschaft | Allgemeines | Hessische Landes- und Hochschulbibliothek	AN 80170
<https://rvk.uni-regensburg.de/regensburger-verbundklassifikation-online#notation/AR%2031460>	Westdeutschland | Deutschland (Westliche Länder) | Deutschland | Mitteleuropa | Europa | Umweltschutz in einzelnen Ländern | Naturschutz und Umweltschutz | Allgemeines | Hessen	AR 31460
<https://rvk.uni-regensburg.de/regensburger-verbundklassifikation-online#notation/BP%206082>	Evangelische Kirche in Hessen und Nassau | Territorialkirchengeschichte | Evangelische Kirchengeschichte | Theologie und Religionswissenschaften | Quellen	BP 6082
<https://rvk.uni-regensburg.de/regensburger-verbundklassifikation-online#notation/BP%206084>	Evangelische Kirche in Hessen und Nassau | Territorialkirchengeschichte | Evangelische Kirchengeschichte | Theologie und Religionswissenschaften | Einzeluntersuchungen	BP 6084
<https://rvk.uni-regensburg.de/regensburger-verbundklassifikation-online#notation/BP%206094>	Evangelische Kirche von Kurhessen-Waldeck | Territorialkirchengeschichte | Evangelische Kirchengeschichte | Theologie und Religionswissenschaften | Einzeluntersuchungen	BP 6094
<https://rvk.uni-regensburg.de/regensburger-verbundklassifikation-online#notation/DI%201300>	Bildungs- und Kulturpolitik in den Bundesländern | Bildungspolitik, Kulturpolitik | Pädagogik | Hessen	DI 1300
<https://rvk.uni-regensburg.de/regensburger-verbundklassifikation-online#notation/DK%201056>	Schulsystem in den Bundesländern | Schulpädagogik | Pädagogik | Hessen	DK 1056
<https://rvk.uni-regensburg.de/regensburger-verbundklassifikation-online#notation/DL%202400>	Berufsbildung in den Bundesländern | Berufsbildung, berufsbildende Schule | Pädagogik | Hessen	DL 2400
<https://rvk.uni-regensburg.de/regensburger-verbundklassifikation-online#notation/DN%202400>	Lehrer und Lehrerbildung in den Bundesländern | Lehrer und Lehrerbildung | Pädagogik | Hessen	DN 2400
<https://rvk.uni-regensburg.de/regensburger-verbundklassifikation-online#notation/DQ%203715>	Hessen | Lehrpläne in den Bundesländern | Deutsche Lehrpläne | Lehrpläne | Pädagogik | Sekundarstufe II: Gymnasiale Oberstufe, Kollegstufe (frühere DDR: Erweiterte Oberschule)	DQ 3715
<https://rvk.uni-regensburg.de/regensburger-verbundklassifikation-online#notation/DW%201016>	Erwachsenenbildung in den Bundesländern | Erwachsenenbildung und Jugendbildung | Pädagogik | Hessen	DW 1016
<https://rvk.uni-regensburg.de/regensburger-verbundklassifikation-online#notation/GD%203620>	Rheinfränkisch | Mitteldeutsche Mundarten | Dialektologie, Mundarten, Sondersprachen, Namenkunde | Germanistik. Niederlandistik. Skandinavistik | Hessisch, Nassauisch	GD 3620
<https://rvk.uni-regensburg.de/regensburger-verbundklassifikation-online#notation/LB%2015055>	Mittel- und Westdeutschland | Deutschland | Mitteleuropa | Europa | Allgemeine Aufsatzsammlungen | Gesamtdarstellungen und Sammelwerke | Sozial- und Kulturanthropologie. Empirische Kulturwissenschaft | Hessen	LB 15055
<https://rvk.uni-regensburg.de/regensburger-verbundklassifikation-online#notation/LB%2024055>	Mittel- und Westdeutschland | Deutschland | Mitteleuropa | Europa | Gesamtdarstellungen, einzelnes | Gesamtdarstellungen und Sammelwerke | Sozial- und Kulturanthropologie. Empirische Kulturwissenschaft | Hessen	LB 24055
<https://rvk.uni-regensburg.de/regensburger-verbundklassifikation-online#notation/LB%2034055>	Mittel- und Westdeutschland | Deutschland | Mitteleuropa | Europa | Ethnomuseologie | Ethnologie in der Praxis | Sozial- und Kulturanthropologie. Empirische Kulturwissenschaft | Hessen	LB 34055
<https://rvk.uni-regensburg.de/regensburger-verbundklassifikation-online#notation/LB%2040055>	Mittel- und Westdeutschland | Deutschland | Mitteleuropa | Europa | Gesellschaft allgemein, Alltag und Lebensweise | Soziale und politische Organisation und Praxis | Sozial- und Kulturanthropologie. Empirische Kulturwissenschaft | Hessen	LB 40055
<https://rvk.uni-regensburg.de/regensburger-verbundklassifikation-online#notation/LB%2047055>	Mittel- und Westdeutschland | Deutschland | Mitteleuropa | Europa | Vereine und Verbände, soziale Bewegungen | Soziale und politische Organisation und Praxis | Sozial- und Kulturanthropologie. Empirische Kulturwissenschaft | Hessen	LB 47055
<https://rvk.uni-regensburg.de/regensburger-verbundklassifikation-online#notation/LB%2058055>	Mittel- und Westdeutschland | Deutschland | Mitteleuropa | Europa | Rituale und Bräuche allgemein, Ritualtheorie | Rituale und Bräuche | Sozial- und Kulturanthropologie. Empirische Kulturwissenschaft | Hessen	LB 58055
<https://rvk.uni-regensburg.de/regensburger-verbundklassifikation-online#notation/LB%2059055>	Mittel- und Westdeutschland | Deutschland | Mitteleuropa | Europa | Rituale und Bräuche im Jahreszyklus | Rituale und Bräuche | Sozial- und Kulturanthropologie. Empirische Kulturwissenschaft | Hessen	LB 59055
<https://rvk.uni-regensburg.de/regensburger-verbundklassifikation-online#notation/LB%2060055>	Mittel- und Westdeutschland | Deutschland | Mitteleuropa | Europa | Rituale und Bräuche im Lebenszyklus | Rituale und Bräuche | Sozial- und Kulturanthropologie. Empirische Kulturwissenschaft | Hessen	LB 60055
<https://rvk.uni-regensburg.de/regensburger-verbundklassifikation-online#notation/LB%2062055>	Mittel- und Westdeutschland | Deutschland | Mitteleuropa | Europa | Feste, öffentliche Zeremonien | Rituale und Bräuche | Sozial- und Kulturanthropologie. Empirische Kulturwissenschaft | Hessen	LB 62055
<https://rvk.uni-regensburg.de/regensburger-verbundklassifikation-online#notation/LB%2067055>	Mittel- und Westdeutschland | Deutschland | Mitteleuropa | Europa | Bau- und Wohnformen | Raum und Ort: Hausforschung, Gemeinde- und Stadtethnologie | Sozial- und Kulturanthropologie. Empirische Kulturwissenschaft | Hessen	LB 67055
<https://rvk.uni-regensburg.de/regensburger-verbundklassifikation-online#notation/LB%2068055>	Mittel- und Westdeutschland | Deutschland | Mitteleuropa | Europa | Wirtschaftsgebäude und Industrieanlagen | Raum und Ort: Hausforschung, Gemeinde- und Stadtethnologie | Sozial- und Kulturanthropologie. Empirische Kulturwissenschaft | Hessen	LB 68055
<https://rvk.uni-regensburg.de/regensburger-verbundklassifikation-online#notation/LB%2069055>	Mittel- und Westdeutschland | Deutschland | Mitteleuropa | Europa | Sakralbauten und  Sakralanlagen | Raum und Ort: Hausforschung, Gemeinde- und Stadtethnologie | Sozial- und Kulturanthropologie. Empirische Kulturwissenschaft | Hessen	LB 69055
<https://rvk.uni-regensburg.de/regensburger-verbundklassifikation-online#notation/LB%2071055>	Mittel- und Westdeutschland | Deutschland | Mitteleuropa | Europa | Siedlungsformen und Siedlungsprozesse | Raum und Ort: Hausforschung, Gemeinde- und Stadtethnologie | Sozial- und Kulturanthropologie. Empirische Kulturwissenschaft | Hessen	LB 71055
<https://rvk.uni-regensburg.de/regensburger-verbundklassifikation-online#notation/LB%2072055>	Mittel- und Westdeutschland | Deutschland | Mitteleuropa | Europa | Einzelne Dörfer, Gemeinden und Städte | Raum und Ort: Hausforschung, Gemeinde- und Stadtethnologie | Sozial- und Kulturanthropologie. Empirische Kulturwissenschaft | Hessen	LB 72055
<https://rvk.uni-regensburg.de/regensburger-verbundklassifikation-online#notation/LB%2073055>	Mittel- und Westdeutschland | Deutschland | Mitteleuropa | Europa | Stadtforschung | Raum und Ort: Hausforschung, Gemeinde- und Stadtethnologie | Sozial- und Kulturanthropologie. Empirische Kulturwissenschaft | Hessen	LB 73055
<https://rvk.uni-regensburg.de/regensburger-verbundklassifikation-online#notation/LB%2074055>	Mittel- und Westdeutschland | Deutschland | Mitteleuropa | Europa | Region und Landschaft; Grenzgebiet und Frontier | Raum und Ort: Hausforschung, Gemeinde- und Stadtethnologie | Sozial- und Kulturanthropologie. Empirische Kulturwissenschaft | Hessen	LB 74055
<https://rvk.uni-regensburg.de/regensburger-verbundklassifikation-online#notation/LB%2088055>	Mittel- und Westdeutschland | Deutschland | Mitteleuropa | Europa | Keramische Techniken | Produktion und Herstellungsverfahren | Materielle Kultur und Wirtschaftsethnologie | Sozial- und Kulturanthropologie. Empirische Kulturwissenschaft | Hessen	LB 88055
<https://rvk.uni-regensburg.de/regensburger-verbundklassifikation-online#notation/LB%2094055>	Mittel- und Westdeutschland | Deutschland | Mitteleuropa | Europa | Textile Techniken | Produktion und Herstellungsverfahren | Materielle Kultur und Wirtschaftsethnologie | Sozial- und Kulturanthropologie. Empirische Kulturwissenschaft | Hessen	LB 94055
<https://rvk.uni-regensburg.de/regensburger-verbundklassifikation-online#notation/LB%2097055>	Mittel- und Westdeutschland | Deutschland | Mitteleuropa | Europa | Wirtschaftsgeräte | Geräte und Maschinen | Produktion und Herstellungsverfahren | Materielle Kultur und Wirtschaftsethnologie | Sozial- und Kulturanthropologie. Empirische Kulturwissenschaft | Hessen	LB 97055
<https://rvk.uni-regensburg.de/regensburger-verbundklassifikation-online#notation/LC%2010055>	Mittel- und Westdeutschland | Deutschland | Mitteleuropa | Europa | Allgemeines, Theoretisches, Zusammenfassendes | Materielle Kultur und Konsum | Materielle Kultur und Wirtschaftsethnologie | Sozial- und Kulturanthropologie. Empirische Kulturwissenschaft | Hessen	LC 10055
<https://rvk.uni-regensburg.de/regensburger-verbundklassifikation-online#notation/LC%2011055>	Mittel- und Westdeutschland | Deutschland | Mitteleuropa | Europa | Hausrat, Möbel | Materielle Kultur und Konsum | Materielle Kultur und Wirtschaftsethnologie | Sozial- und Kulturanthropologie. Empirische Kulturwissenschaft | Hessen	LC 11055
<https://rvk.uni-regensburg.de/regensburger-verbundklassifikation-online#notation/LC%2012055>	Mittel- und Westdeutschland | Deutschland | Mitteleuropa | Europa | Kleidung, Tracht, Mode | Materielle Kultur und Konsum | Materielle Kultur und Wirtschaftsethnologie | Sozial- und Kulturanthropologie. Empirische Kulturwissenschaft | Hessen	LC 12055
<https://rvk.uni-regensburg.de/regensburger-verbundklassifikation-online#notation/LC%2017055>	Mittel- und Westdeutschland | Deutschland | Mitteleuropa | Europa | Nahrung, Nahrungszubereitung, Ess- und Trinkgewohnheiten | Materielle Kultur und Konsum | Materielle Kultur und Wirtschaftsethnologie | Sozial- und Kulturanthropologie. Empirische Kulturwissenschaft | Hessen	LC 17055
<https://rvk.uni-regensburg.de/regensburger-verbundklassifikation-online#notation/LC%2029055>	Mittel- und Westdeutschland | Deutschland | Mitteleuropa | Europa | Religiöse Praktiken und Vorstellungen - Einzelstudien | Religionsethnologie | Sozial- und Kulturanthropologie. Empirische Kulturwissenschaft | Hessen	LC 29055
<https://rvk.uni-regensburg.de/regensburger-verbundklassifikation-online#notation/LC%2031055>	Mittel- und Westdeutschland | Deutschland | Mitteleuropa | Europa | Totenrituale und Jenseitsvorstellungen | Religionsethnologie | Sozial- und Kulturanthropologie. Empirische Kulturwissenschaft | Hessen	LC 31055
<https://rvk.uni-regensburg.de/regensburger-verbundklassifikation-online#notation/LC%2039055>	Mittel- und Westdeutschland | Deutschland | Mitteleuropa | Europa | Christliche Objekte, Objekte der Volksfrömmigkeit | Religionsethnologie | Sozial- und Kulturanthropologie. Empirische Kulturwissenschaft | Hessen	LC 39055
<https://rvk.uni-regensburg.de/regensburger-verbundklassifikation-online#notation/LC%2041055>	Mittel- und Westdeutschland | Deutschland | Mitteleuropa | Europa | Magisch-religiöse Spezialistinnen und Spezialisten | Religionsethnologie | Sozial- und Kulturanthropologie. Empirische Kulturwissenschaft | Hessen	LC 41055
<https://rvk.uni-regensburg.de/regensburger-verbundklassifikation-online#notation/LC%2054055>	Mittel- und Westdeutschland | Deutschland | Mitteleuropa | Europa | Anthropologie der Pflanzenwelt | Wissen und Wahrnehmung | Kunst und Wissen | Sozial- und Kulturanthropologie. Empirische Kulturwissenschaft | Hessen	LC 54055
<https://rvk.uni-regensburg.de/regensburger-verbundklassifikation-online#notation/LC%2056055>	Mittel- und Westdeutschland | Deutschland | Mitteleuropa | Europa | Krankheit und Medizin, Gesundheit | Wissen und Wahrnehmung | Kunst und Wissen | Sozial- und Kulturanthropologie. Empirische Kulturwissenschaft | Hessen	LC 56055
<https://rvk.uni-regensburg.de/regensburger-verbundklassifikation-online#notation/LC%2064055>	Mittel- und Westdeutschland | Deutschland | Mitteleuropa | Europa | Orts-, Flur-, Straßen-, Hausnamen | Namen | Sprache und Literatur | Kunst und Wissen | Sozial- und Kulturanthropologie. Empirische Kulturwissenschaft | Hessen	LC 64055
<https://rvk.uni-regensburg.de/regensburger-verbundklassifikation-online#notation/LC%2066055>	Mittel- und Westdeutschland | Deutschland | Mitteleuropa | Europa | Allgemeines, Theoretisches, Zusammenfassendes | Literaturethnologie | Sprache und Literatur | Kunst und Wissen | Sozial- und Kulturanthropologie. Empirische Kulturwissenschaft | Hessen	LC 66055
<https://rvk.uni-regensburg.de/regensburger-verbundklassifikation-online#notation/LC%2072055>	Mittel- und Westdeutschland | Deutschland | Mitteleuropa | Europa | Sprichwort und Redensart | Sprachformeln | Literaturethnologie | Sprache und Literatur | Kunst und Wissen | Sozial- und Kulturanthropologie. Empirische Kulturwissenschaft | Hessen	LC 72055
<https://rvk.uni-regensburg.de/regensburger-verbundklassifikation-online#notation/LC%2073055>	Mittel- und Westdeutschland | Deutschland | Mitteleuropa | Europa | Spruch und Inschrift | Sprachformeln | Literaturethnologie | Sprache und Literatur | Kunst und Wissen | Sozial- und Kulturanthropologie. Empirische Kulturwissenschaft | Hessen	LC 73055
<https://rvk.uni-regensburg.de/regensburger-verbundklassifikation-online#notation/LC%2076055>	Mittel- und Westdeutschland | Deutschland | Mitteleuropa | Europa | Allgemeines, Theoretisches, Zusammenfassendes | Erzählformen | Literaturethnologie | Sprache und Literatur | Kunst und Wissen | Sozial- und Kulturanthropologie. Empirische Kulturwissenschaft | Hessen	LC 76055
<https://rvk.uni-regensburg.de/regensburger-verbundklassifikation-online#notation/LC%2078055>	Mittel- und Westdeutschland | Deutschland | Mitteleuropa | Europa | Schwank, Beispiel und Anekdote | Erzählformen | Literaturethnologie | Sprache und Literatur | Kunst und Wissen | Sozial- und Kulturanthropologie. Empirische Kulturwissenschaft | Hessen	LC 78055
<https://rvk.uni-regensburg.de/regensburger-verbundklassifikation-online#notation/LC%2081055>	Mittel- und Westdeutschland | Deutschland | Mitteleuropa | Europa | Märchen | Erzählformen | Literaturethnologie | Sprache und Literatur | Kunst und Wissen | Sozial- und Kulturanthropologie. Empirische Kulturwissenschaft | Hessen	LC 81055
<https://rvk.uni-regensburg.de/regensburger-verbundklassifikation-online#notation/LC%2082055>	Mittel- und Westdeutschland | Deutschland | Mitteleuropa | Europa | Sage | Erzählformen | Literaturethnologie | Sprache und Literatur | Kunst und Wissen | Sozial- und Kulturanthropologie. Empirische Kulturwissenschaft | Hessen	LC 82055
<https://rvk.uni-regensburg.de/regensburger-verbundklassifikation-online#notation/LC%2086055>	Mittel- und Westdeutschland | Deutschland | Mitteleuropa | Europa | Lied und Gesang | Theater-, Musik- und Kunstethnologie | Kunst und Wissen | Sozial- und Kulturanthropologie. Empirische Kulturwissenschaft | Hessen	LC 86055
<https://rvk.uni-regensburg.de/regensburger-verbundklassifikation-online#notation/LC%2087055>	Mittel- und Westdeutschland | Deutschland | Mitteleuropa | Europa | Musik, Klang, Akkustik | Theater-, Musik- und Kunstethnologie | Kunst und Wissen | Sozial- und Kulturanthropologie. Empirische Kulturwissenschaft | Hessen	LC 87055
<https://rvk.uni-regensburg.de/regensburger-verbundklassifikation-online#notation/LC%2088055>	Mittel- und Westdeutschland | Deutschland | Mitteleuropa | Europa | Tanz | Theater-, Musik- und Kunstethnologie | Kunst und Wissen | Sozial- und Kulturanthropologie. Empirische Kulturwissenschaft | Hessen	LC 88055
<https://rvk.uni-regensburg.de/regensburger-verbundklassifikation-online#notation/LH%2029924>	Westliche Länder: | Deutschland | Lexika der Museen | Museumskunde. Museumskataloge | Allgemeines. Allgemeine Kunstgeschichte | Kunstgeschichte | Hessen	LH 29924
<https://rvk.uni-regensburg.de/regensburger-verbundklassifikation-online#notation/LK%2010680>	Hessen | Länder (Verwaltungseinheiten) | Deutsche Kunstgeschichte nach Ländern und Landschaften | Deutschland | Kunst nach Ländern bzw. Kontinenten | Kunstgeschichte | allgemein	LK 10680
<https://rvk.uni-regensburg.de/regensburger-verbundklassifikation-online#notation/LK%2011140>	Einzelne deutsche Länder | Kunsttopografie Deutschlands | Deutschland | Kunst nach Ländern bzw. Kontinenten | Kunstgeschichte | Hessen	LK 11140
<https://rvk.uni-regensburg.de/regensburger-verbundklassifikation-online#notation/LK%2080680>	Hessen | Länder (Verwaltungseinheiten) | Geschichte der deutschen Architektur nach Ländern und Landschaften | Architektur | Deutsche Kunstgeschichte nach Gattungen | Deutschland | Kunst nach Ländern bzw. Kontinenten | Kunstgeschichte | allgemein	LK 80680
<https://rvk.uni-regensburg.de/regensburger-verbundklassifikation-online#notation/LK%2080687>	Hessen | Länder (Verwaltungseinheiten) | Geschichte der deutschen Architektur nach Ländern und Landschaften | Architektur | Deutsche Kunstgeschichte nach Gattungen | Deutschland | Kunst nach Ländern bzw. Kontinenten | Kunstgeschichte | 19. und 20. Jahrhundert	LK 80687
<https://rvk.uni-regensburg.de/regensburger-verbundklassifikation-online#notation/LK%2082280>	Hessen | Länder (Verwaltungseinheiten) | Geschichte der deutschen Skulptur nach Ländern und Landschaften | Skulptur (Plastik) | Deutsche Kunstgeschichte nach Gattungen | Deutschland | Kunst nach Ländern bzw. Kontinenten | Kunstgeschichte | allgemein	LK 82280
<https://rvk.uni-regensburg.de/regensburger-verbundklassifikation-online#notation/LK%2084280>	Hessen | Länder (Verwaltungseinheiten) | Geschichte der deutschen Malerei nach Ländern und Landschaften | Malerei | Deutsche Kunstgeschichte nach Gattungen | Deutschland | Kunst nach Ländern bzw. Kontinenten | Kunstgeschichte | allgemein	LK 84280
<https://rvk.uni-regensburg.de/regensburger-verbundklassifikation-online#notation/LK%2085840>	Hessen | Länder | Geschichte der deutschen Zeichnung und Grafik nach Ländern und Landschaften | Zeichnung und Grafik | Deutsche Kunstgeschichte nach Gattungen | Deutschland | Kunst nach Ländern bzw. Kontinenten | Kunstgeschichte | allgemein	LK 85840
<https://rvk.uni-regensburg.de/regensburger-verbundklassifikation-online#notation/LK%2086740>	Hessen | Länder | Geschichte der deutschen Buchmalerei nach Ländern und Landschaften | Buchmalerei | Deutsche Kunstgeschichte nach Gattungen | Deutschland | Kunst nach Ländern bzw. Kontinenten | Kunstgeschichte | allgemein	LK 86740
<https://rvk.uni-regensburg.de/regensburger-verbundklassifikation-online#notation/LK%2091840>	Hessen, Thüringen, Sachsen | Länder | Einrichtung und Ausstattung in deutschen Ländern und Landschaften | Einrichtung und Ausstattung | Deutsche Kunstgeschichte nach Gattungen | Deutschland | Kunst nach Ländern bzw. Kontinenten | Kunstgeschichte | allgemein	LK 91840
<https://rvk.uni-regensburg.de/regensburger-verbundklassifikation-online#notation/LK%2093140>	Hessen, Thüringen, Sachsen | Länder | Kunstgewerbe in deutschen Ländern und Landschaften | Kunstgewerbe | Deutsche Kunstgeschichte nach Gattungen | Deutschland | Kunst nach Ländern bzw. Kontinenten | Kunstgeschichte | allgemein	LK 93140
<https://rvk.uni-regensburg.de/regensburger-verbundklassifikation-online#notation/LV%2052265>	Mitteldeutsche | Deutsche | Völker mit indogermanischen Sprachen | Volkslieder der Landschaften und Völker | Volksgesang | Volksmusik in Europa und Amerika - Tonträger | Musikalische Volks- und Völkerkunde: Tonträger | III. Tonträger | Musikwissenschaft | Hessen	LV 52265
<https://rvk.uni-regensburg.de/regensburger-verbundklassifikation-online#notation/MG%2021050>	Hessen | Bundesrepublik Deutschland | Westeuropa, Mitteleuropa | Europa, Nordamerika | Politische Systeme einzelner Länder | Politologie | Verfassungs- und Gesetzestexte	MG 21050
<https://rvk.uni-regensburg.de/regensburger-verbundklassifikation-online#notation/MY%204055>	Mittel- und Westdeutschland | Deutschland (insgesamt) | Mitteleuropa | Europa | Gesamtdarstellungen zur Militärwissenschaft und zum Militärwesen | Allgemeines zur Militärwissenschaft | Militärwissenschaft | Hessen	MY 4055
<https://rvk.uni-regensburg.de/regensburger-verbundklassifikation-online#notation/ND%201550>	Archivinventare und Beschreibungen einzelner Archive Deutschlands und der ehemaligen deutschen Ostgebiete | Archivkunde | Historische Hilfswissenschaften | Geschichte | Hessen	ND 1550
<https://rvk.uni-regensburg.de/regensburger-verbundklassifikation-online#notation/NN%202884>	Einzelne Persönlichkeiten | Karl V. (1519 - 1555) | Geschichte des Reichs (1517 - 1555) | Zeitalter der Reformation (1517 - 1555) | Neuere Geschichte | Geschichte | Philipp (Hessen, Landgraf, I.)	NN 2884
<https://rvk.uni-regensburg.de/regensburger-verbundklassifikation-online#notation/NQ%206930>	Einzelne Länder | Deutsche Länder seit 1945 | Bundesrepublik Deutschland (bis 1990) | Deutsche Geschichte seit 1945 | Geschichte seit 1918 | Geschichte | Hessen	NQ 6930
<https://rvk.uni-regensburg.de/regensburger-verbundklassifikation-online#notation/NR%203790>	Hessen (Hessen-Darmstadt, Nassau, Hessen-Kassel) | Deutsche Landesgeschichte im Einzelnen (einschl. ehemaliger deutscher Gebiete) | Landes- und Stadtgeschichte (Allgemeine, Deutsche und Österreichische Landes- und Stadtgeschichte, Ausländische Stadtgeschichte, Geschichte der Auslanddeutschen) | Geschichte | Quellen	NR 3790
<https://rvk.uni-regensburg.de/regensburger-verbundklassifikation-online#notation/NR%203795>	Hessen (Hessen-Darmstadt, Nassau, Hessen-Kassel) | Deutsche Landesgeschichte im Einzelnen (einschl. ehemaliger deutscher Gebiete) | Landes- und Stadtgeschichte (Allgemeine, Deutsche und Österreichische Landes- und Stadtgeschichte, Ausländische Stadtgeschichte, Geschichte der Auslanddeutschen) | Geschichte | Darstellungsreihen	NR 3795
<https://rvk.uni-regensburg.de/regensburger-verbundklassifikation-online#notation/NR%203800>	Hessen (Hessen-Darmstadt, Nassau, Hessen-Kassel) | Deutsche Landesgeschichte im Einzelnen (einschl. ehemaliger deutscher Gebiete) | Landes- und Stadtgeschichte (Allgemeine, Deutsche und Österreichische Landes- und Stadtgeschichte, Ausländische Stadtgeschichte, Geschichte der Auslanddeutschen) | Geschichte | Landesgeschichte	NR 3800
<https://rvk.uni-regensburg.de/regensburger-verbundklassifikation-online#notation/NR%203900>	Hessen (Hessen-Darmstadt, Nassau, Hessen-Kassel) | Deutsche Landesgeschichte im Einzelnen (einschl. ehemaliger deutscher Gebiete) | Landes- und Stadtgeschichte (Allgemeine, Deutsche und Österreichische Landes- und Stadtgeschichte, Ausländische Stadtgeschichte, Geschichte der Auslanddeutschen) | Geschichte | Landschaftsgeschichte	NR 3900
<https://rvk.uni-regensburg.de/regensburger-verbundklassifikation-online#notation/NR%203950>	Hessen (Hessen-Darmstadt, Nassau, Hessen-Kassel) | Deutsche Landesgeschichte im Einzelnen (einschl. ehemaliger deutscher Gebiete) | Landes- und Stadtgeschichte (Allgemeine, Deutsche und Österreichische Landes- und Stadtgeschichte, Ausländische Stadtgeschichte, Geschichte der Auslanddeutschen) | Geschichte | Einzelbeiträge	NR 3950
<https://rvk.uni-regensburg.de/regensburger-verbundklassifikation-online#notation/NR%203960>	Hessen (Hessen-Darmstadt, Nassau, Hessen-Kassel) | Deutsche Landesgeschichte im Einzelnen (einschl. ehemaliger deutscher Gebiete) | Landes- und Stadtgeschichte (Allgemeine, Deutsche und Österreichische Landes- und Stadtgeschichte, Ausländische Stadtgeschichte, Geschichte der Auslanddeutschen) | Geschichte | Kirchengeschichte (allgemein)	NR 3960
<https://rvk.uni-regensburg.de/regensburger-verbundklassifikation-online#notation/NR%203965>	Hessen (Hessen-Darmstadt, Nassau, Hessen-Kassel) | Deutsche Landesgeschichte im Einzelnen (einschl. ehemaliger deutscher Gebiete) | Landes- und Stadtgeschichte (Allgemeine, Deutsche und Österreichische Landes- und Stadtgeschichte, Ausländische Stadtgeschichte, Geschichte der Auslanddeutschen) | Geschichte | Kloster- und Stiftsgeschichte	NR 3965
<https://rvk.uni-regensburg.de/regensburger-verbundklassifikation-online#notation/NR%204270>	Hessen (Hessen-Darmstadt, Nassau, Hessen-Kassel) | Deutsche Landesgeschichte im Einzelnen (einschl. ehemaliger deutscher Gebiete) | Landes- und Stadtgeschichte (Allgemeine, Deutsche und Österreichische Landes- und Stadtgeschichte, Ausländische Stadtgeschichte, Geschichte der Auslanddeutschen) | Geschichte | Burgen, Schlösser, Residenzen und Herrensitze	NR 4270
<https://rvk.uni-regensburg.de/regensburger-verbundklassifikation-online#notation/NZ%2060060>	Allgemeines | Landesgeschichte Hessen | Regionale Landeskunde | Geschichte | Geschichte der regionalhistorischen Forschung in Hessen	NZ 60060
<https://rvk.uni-regensburg.de/regensburger-verbundklassifikation-online#notation/NZ%2060290>	Vor- und Frühgeschichte, Römerzeit und Völkerwanderung, Archäologie | Landesgeschichte Hessen | Regionale Landeskunde | Geschichte | Geschichte der Archäologie in Hessen	NZ 60290
<https://rvk.uni-regensburg.de/regensburger-verbundklassifikation-online#notation/NZ%2060300>	Politische Geschichte Hessens | Landesgeschichte Hessen | Regionale Landeskunde | Geschichte | Gesamtdarstellungen, epochenübergreifende Darstellungen	NZ 60300
<https://rvk.uni-regensburg.de/regensburger-verbundklassifikation-online#notation/NZ%2061000>	Geschichte einzelner hessischer Territorien | Landesgeschichte Hessen | Regionale Landeskunde | Geschichte | Landgrafschaft Hessen (1247-1567)	NZ 61000
<https://rvk.uni-regensburg.de/regensburger-verbundklassifikation-online#notation/NZ%2061010>	Geschichte einzelner hessischer Territorien | Landesgeschichte Hessen | Regionale Landeskunde | Geschichte | Landgrafschaft Hessen-Kassel (1567-1806)	NZ 61010
<https://rvk.uni-regensburg.de/regensburger-verbundklassifikation-online#notation/NZ%2061020>	Geschichte einzelner hessischer Territorien | Landesgeschichte Hessen | Regionale Landeskunde | Geschichte | Landgrafschaft Hessen-Darmstadt (1567-1806)	NZ 61020
<https://rvk.uni-regensburg.de/regensburger-verbundklassifikation-online#notation/NZ%2061030>	Geschichte einzelner hessischer Territorien | Landesgeschichte Hessen | Regionale Landeskunde | Geschichte | Hessische Nebenlinien	NZ 61030
<https://rvk.uni-regensburg.de/regensburger-verbundklassifikation-online#notation/NZ%2061350>	Geschichte einzelner hessischer Territorien | Landesgeschichte Hessen | Regionale Landeskunde | Geschichte | Herzogtum Nassau (1806-1866)	NZ 61350
<https://rvk.uni-regensburg.de/regensburger-verbundklassifikation-online#notation/NZ%2061400>	Geschichte einzelner hessischer Territorien | Landesgeschichte Hessen | Regionale Landeskunde | Geschichte | Provinz Hessen-Nassau (1866-1933)	NZ 61400
<https://rvk.uni-regensburg.de/regensburger-verbundklassifikation-online#notation/NZ%2061500>	Geschichte einzelner hessischer Territorien | Landesgeschichte Hessen | Regionale Landeskunde | Geschichte | Volksstaat Hessen (1918-1933)	NZ 61500
<https://rvk.uni-regensburg.de/regensburger-verbundklassifikation-online#notation/NZ%2061250>	Großherzogtum Hessen-Darmstadt (1806-1918) | Geschichte einzelner hessischer Territorien | Landesgeschichte Hessen | Regionale Landeskunde | Geschichte | Allgemeine Darstellungen. Einzelnes	NZ 61250
<https://rvk.uni-regensburg.de/regensburger-verbundklassifikation-online#notation/NZ%2061260>	Großherzogtum Hessen-Darmstadt (1806-1918) | Geschichte einzelner hessischer Territorien | Landesgeschichte Hessen | Regionale Landeskunde | Geschichte | Demagogenverfolgung	NZ 61260
<https://rvk.uni-regensburg.de/regensburger-verbundklassifikation-online#notation/NZ%2061270>	Großherzogtum Hessen-Darmstadt (1806-1918) | Geschichte einzelner hessischer Territorien | Landesgeschichte Hessen | Regionale Landeskunde | Geschichte | Revolution 1848	NZ 61270
<https://rvk.uni-regensburg.de/regensburger-verbundklassifikation-online#notation/NZ%2061300>	Kurfürstentum Hessen-Kassel (1814-1866) | Geschichte einzelner hessischer Territorien | Landesgeschichte Hessen | Regionale Landeskunde | Geschichte | Allgemeine Darstellungen. Einzelnes	NZ 61300
<https://rvk.uni-regensburg.de/regensburger-verbundklassifikation-online#notation/NZ%2064250>	Geschichte und Beschreibung einzelner Regionen | Landesgeschichte Hessen | Regionale Landeskunde | Geschichte | Nordhessen (Nordhessisches Bergland)	NZ 64250
<https://rvk.uni-regensburg.de/regensburger-verbundklassifikation-online#notation/NZ%2064850>	Geschichte und Beschreibung einzelner Regionen | Landesgeschichte Hessen | Regionale Landeskunde | Geschichte | Frühere hessische Gebiete	NZ 64850
<https://rvk.uni-regensburg.de/regensburger-verbundklassifikation-online#notation/NZ%2065000>	Regierende Häuser | Geschichte einzelner Familien | Landesgeschichte Hessen | Regionale Landeskunde | Geschichte | Hessen gesamt	NZ 65000
<https://rvk.uni-regensburg.de/regensburger-verbundklassifikation-online#notation/NZ%2067000>	Biografien hessischer Persönlichkeiten | Landesgeschichte Hessen | Regionale Landeskunde | Geschichte | Übergreifende Darstellungen	NZ 67000
<https://rvk.uni-regensburg.de/regensburger-verbundklassifikation-online#notation/NZ%2067100>	Biografien hessischer Persönlichkeiten | Landesgeschichte Hessen | Regionale Landeskunde | Geschichte | Einzelne Personen A-Z	NZ 67100
<https://rvk.uni-regensburg.de/regensburger-verbundklassifikation-online#notation/PL%20451>	Das Landesverfassungsrecht | Staatsrecht und Verfassungsrecht | Staatsrecht und Verfassungsgeschichte | Rechtswissenschaft | Hessen	PL 451
<https://rvk.uni-regensburg.de/regensburger-verbundklassifikation-online#notation/PN%20325>	Das Kommunalrecht der einzelnen Länder, Gemeindeverfassung | Kommunalrecht (BF Gemeinderecht) | Besonderes Verwaltungsrecht | Verwaltungswissenschaften und Verwaltungsrecht | Rechtswissenschaft | Hessen	PN 325
<https://rvk.uni-regensburg.de/regensburger-verbundklassifikation-online#notation/PN%20365>	Das materielle Recht der öffentlichen Sicherheit und Ordnung der Bundesländer | Recht der öffentlichen Sicherheit und Ordnung | Besonderes Verwaltungsrecht | Verwaltungswissenschaften und Verwaltungsrecht | Rechtswissenschaft | Hessen	PN 365
<https://rvk.uni-regensburg.de/regensburger-verbundklassifikation-online#notation/PN%20385>	Polizeiorganisation | Recht der öffentlichen Sicherheit und Ordnung | Besonderes Verwaltungsrecht | Verwaltungswissenschaften und Verwaltungsrecht | Rechtswissenschaft | Hessen	PN 385
<https://rvk.uni-regensburg.de/regensburger-verbundklassifikation-online#notation/PW%202732>	Partikularrechtsquellen der Neuzeit einschließlich zeitgenössischer Darstellungen und Erläuterungen | Quellen | Deutsche und ausländische Rechtsgeschichte | Rechtswissenschaft | Hessen, Nassau	PW 2732
<https://rvk.uni-regensburg.de/regensburger-verbundklassifikation-online#notation/PW%208290>	Rechtsgeschichte der deutschen Länder | Deutsche und ausländische Rechtsgeschichte | Rechtswissenschaft | Hessen	PW 8290
<https://rvk.uni-regensburg.de/regensburger-verbundklassifikation-online#notation/QG%20330>	Süddeutschland | Bundesrepublik Deutschland | Deutschland | Europa | Wirtschaftskunde und Allgemeines. Länderstatistisches und regionalstatistisches Material. Wirtschaftspolitik (einschließlich Stellungnahmen dazu) in einzelnen Ländern | Wirtschaftswissenschaften | Hessen	QG 330
<https://rvk.uni-regensburg.de/regensburger-verbundklassifikation-online#notation/TP%205066>	Mittel- und Westdeutschland | Deutschland (Westliche Länder) | Deutschland | Mitteleuropa | Europa | Regionale Geologie | Geowissenschaften | Hessen	TP 5066
<https://rvk.uni-regensburg.de/regensburger-verbundklassifikation-online#notation/TP%205070>	Hessen | Mittel- und Westdeutschland | Deutschland (Westliche Länder) | Deutschland | Mitteleuropa | Europa | Regionale Geologie | Geowissenschaften | Westhessisches Berg- und Beckenland	TP 5070
<https://rvk.uni-regensburg.de/regensburger-verbundklassifikation-online#notation/TP%205072>	Hessen | Mittel- und Westdeutschland | Deutschland (Westliche Länder) | Deutschland | Mitteleuropa | Europa | Regionale Geologie | Geowissenschaften | Wetterau und Rhein-Main-Gebiet	TP 5072
<https://rvk.uni-regensburg.de/regensburger-verbundklassifikation-online#notation/WI%207450>	Mittel- und Westdeutschland | Deutschland | Deutsches Sprachgebiet | Mitteleuropa | Europa | Regionale Ökologie und Biogeografie: Vegetation und Tierwelt einzelner Gebiete. | Regionale Ökologie und Biogeografie | Ökologie | Biologie | Hessen	WI 7450
<https://rvk.uni-regensburg.de/regensburger-verbundklassifikation-online#notation/WP%201112>	Deutschland <westliche Länder> | Deutsches Sprachgebiet insgesamt, Deutschland und angrenzende Gebiete Mitteleuropas und Zentraleuropas (Deutschland, Österreich, Schweiz) insgesamt | Paläarktis, Eurosibirien, Europa | Regional begrenzte Abhandlungen zur Fauna insgesamt. Bestimmungsbücher bestimmter Gebiete | Spezielle (taxonomische) Zoologie | Biologie | Hessen	WP 1112
<https://rvk.uni-regensburg.de/regensburger-verbundklassifikation-online#notation/WR%202612>	Deutschland <westliche Länder> | Deutsches Sprachgebiet insgesamt, Deutschland und angrenzende Gebiete Mitteleuropas und Zentraleuropas (Deutschland, Österreich, Schweiz) insgesamt | Paläarktis, Eurosibirien, Europa | Faunistik der Fische. Regional begrenzte Bestimmungsbücher. Ichthyologische Faunen einzelner Gebiete | Pisces (Fische), Gesamtdarstellungen der Fischkunde | Gnathostomata (Kiefermäuler) | Vertebrata, Craniota (Wirbeltiere) | Chordata (Chordatiere) | Bilateria (Bilateralsymmetrische Tiere) | Spezielle (taxonomische) Zoologie | Biologie | Hessen	WR 2612
<https://rvk.uni-regensburg.de/regensburger-verbundklassifikation-online#notation/WR%208112>	Deutschland <westliche Länder> | Deutsches Sprachgebiet insgesamt, Deutschland und angrenzende Gebiete Mitteleuropas und Zentraleuropas (Deutschland, Österreich, Schweiz) insgesamt | Paläarktis, Eurosibirien, Europa | Regionalschlüssel zur Einordnung von floristischer und faunistischer Literatur | Reptilia, Faunistik und regional begrenzte Bestimmungsbücher | Amniota (Amnioten) | Vertebrata, Craniota (Wirbeltiere) | Chordata (Chordatiere) | Bilateria (Bilateralsymmetrische Tiere) | Spezielle (taxonomische) Zoologie | Biologie | Hessen	WR 8112
<https://rvk.uni-regensburg.de/regensburger-verbundklassifikation-online#notation/WU%204012>	Deutschland <westliche Länder> | Deutsches Sprachgebiet insgesamt, Deutschland und angrenzende Gebiete Mitteleuropas und Zentraleuropas (Deutschland, Österreich, Schweiz) insgesamt | Paläarktis, Eurosibirien, Europa | Spezielle Anthropologie | Anthropologie | Biologie | Hessen	WU 4012
<https://rvk.uni-regensburg.de/regensburger-verbundklassifikation-online#notation/ZA%2080814>	Deutschland | Mitteleuropa | Europa | Agrargeschichte einzelner Länder | Agrargeschichte | Agrargeschichte und -geografie | Agrar- und Forstwissenschaft, Gartenbau, Ernährungs- und Haushaltswissenschaft | Rheinland-Pfalz, Saarland, Hessen	ZA 80814
<https://rvk.uni-regensburg.de/regensburger-verbundklassifikation-online#notation/ZB%2052914>	Deutschland | Mitteleuropa | Europa | Dorf und Dorfentwicklung | Raum- und Siedlungssoziologie | Land- und Agrarsoziologie | Wirtschafts- und Sozialwissenschaften | Agrar- und Forstwissenschaft, Gartenbau, Ernährungs- und Haushaltswissenschaft | Rheinland-Pfalz, Saarland, Hessen	ZB 52914
<https://rvk.uni-regensburg.de/regensburger-verbundklassifikation-online#notation/ZC%2050014>	Deutschland | Mitteleuropa | Europa | Allgemeines | Gartenbau | Garten-, Obst- und Weinbau | Agrar- und Forstwissenschaft, Gartenbau, Ernährungs- und Haushaltswissenschaft | Rheinland-Pfalz, Saarland, Hessen	ZC 50014
<https://rvk.uni-regensburg.de/regensburger-verbundklassifikation-online#notation/ZC%2053214>	Deutschland | Mitteleuropa | Europa | Gärten und Parks | Garten- und Landschaftsgestaltung | Gartenbau | Garten-, Obst- und Weinbau | Agrar- und Forstwissenschaft, Gartenbau, Ernährungs- und Haushaltswissenschaft | Rheinland-Pfalz, Saarland, Hessen	ZC 53214
<https://rvk.uni-regensburg.de/regensburger-verbundklassifikation-online#notation/ZC%2054014>	Deutschland | Mitteleuropa | Europa | Allgemeines | Obstbau | Garten-, Obst- und Weinbau | Agrar- und Forstwissenschaft, Gartenbau, Ernährungs- und Haushaltswissenschaft | Rheinland-Pfalz, Saarland, Hessen	ZC 54014
<https://rvk.uni-regensburg.de/regensburger-verbundklassifikation-online#notation/ZC%2058014>	Deutschland | Mitteleuropa | Europa | Allgemeines | Weinbau | Garten-, Obst- und Weinbau | Agrar- und Forstwissenschaft, Gartenbau, Ernährungs- und Haushaltswissenschaft | Rheinland-Pfalz, Saarland, Hessen	ZC 58014
<https://rvk.uni-regensburg.de/regensburger-verbundklassifikation-online#notation/ZC%2058414>	Deutschland | Mitteleuropa | Europa | Geschichte des Weinbaus | Weinbau | Garten-, Obst- und Weinbau | Agrar- und Forstwissenschaft, Gartenbau, Ernährungs- und Haushaltswissenschaft | Rheinland-Pfalz, Saarland, Hessen	ZC 58414
<https://rvk.uni-regensburg.de/regensburger-verbundklassifikation-online#notation/ZC%2073014>	Deutschland | Mitteleuropa | Europa | Forstgeografie | Forstwesen | Agrar- und Forstwissenschaft, Gartenbau, Ernährungs- und Haushaltswissenschaft | Rheinland-Pfalz, Saarland, Hessen	ZC 73014
<https://rvk.uni-regensburg.de/regensburger-verbundklassifikation-online#notation/ZC%2073514>	Deutschland | Mitteleuropa | Europa | Forstwirtschaft einzelner Länder/Gebiete | Forstwesen | Agrar- und Forstwissenschaft, Gartenbau, Ernährungs- und Haushaltswissenschaft | Rheinland-Pfalz, Saarland, Hessen	ZC 73514
<https://rvk.uni-regensburg.de/regensburger-verbundklassifikation-online#notation/ZC%2085814>	Deutschland | Mitteleuropa | Europa | Forstgeschichte einzelner Länder / Gebiete | Forstgeschichte | Forstwesen | Agrar- und Forstwissenschaft, Gartenbau, Ernährungs- und Haushaltswissenschaft | Rheinland-Pfalz, Saarland, Hessen	ZC 85814
<https://rvk.uni-regensburg.de/regensburger-verbundklassifikation-online#notation/ZD%2011014>	Deutschland | Mitteleuropa | Europa | Allgemeines | Tierzucht | Nutztierwissenschaften | Agrar- und Forstwissenschaft, Gartenbau, Ernährungs- und Haushaltswissenschaft | Rheinland-Pfalz, Saarland, Hessen	ZD 11014
<https://rvk.uni-regensburg.de/regensburger-verbundklassifikation-online#notation/ZD%2053014>	Deutschland | Mitteleuropa | Europa | Wohnbauten,  Bauernhof | Landbautechnik | Agrar- und Forstwissenschaft, Gartenbau, Ernährungs- und Haushaltswissenschaft | Rheinland-Pfalz, Saarland, Hessen	ZD 53014
<https://rvk.uni-regensburg.de/regensburger-verbundklassifikation-online#notation/ZD%2064014>	Deutschland | Mitteleuropa | Europa | Allgemeines | Wasserwirtschaft | Kulturtechnik | Agrar- und Forstwissenschaft, Gartenbau, Ernährungs- und Haushaltswissenschaft | Rheinland-Pfalz, Saarland, Hessen	ZD 64014
<https://rvk.uni-regensburg.de/regensburger-verbundklassifikation-online#notation/ZD%2067014>	Deutschland | Mitteleuropa | Europa | Trinkwasserversorgung | Wasserwirtschaft | Kulturtechnik | Agrar- und Forstwissenschaft, Gartenbau, Ernährungs- und Haushaltswissenschaft | Rheinland-Pfalz, Saarland, Hessen	ZD 67014
<https://rvk.uni-regensburg.de/regensburger-verbundklassifikation-online#notation/ZG%209314>	Deutschland | Mitteleuropa | Europa | Technik in einzelnen Ländern | Technik allgemein | Technik | Rheinland-Pfalz, Saarland, Hessen	ZG 9314
<https://rvk.uni-regensburg.de/regensburger-verbundklassifikation-online#notation/ZH%209014>	Deutschland | Mitteleuropa | Europa | Allgemeines und Länderliste | Raumplanung,Städtebau, Stadtplanung | Architektur | Technik | Rheinland-Pfalz, Saarland, Hessen	ZH 9014
<https://rvk.uni-regensburg.de/regensburger-verbundklassifikation-online#notation/ZO%205914>	Deutschland | Mitteleuropa | Europa | Schienenverkehr in einzelnen Ländern | Schienenverkehr, Eisenbahnwesen | Verkehr, Transport | Technik | Rheinland-Pfalz, Saarland, Hessen	ZO 5914
